url,start,end
https://www.youtube.com/watch?v=DShJmzVyaH4,252,445
https://www.youtube.com/watch?v=uhuYcBwoC1M,0,158
https://www.youtube.com/watch?v=4L2vsDIagnQ,0,184
https://www.youtube.com/watch?v=VMikQhpYFQQ,141,300
https://www.youtube.com/watch?v=o1-NgzJAex0,469,609
https://www.youtube.com/watch?v=S_6dj-vJzC0,316,447
https://www.youtube.com/watch?v=N3yDHkIeHyI,896,1059
https://www.youtube.com/watch?v=N2GMC6zrQPY,692,790
https://www.youtube.com/watch?v=APYBN3HGPP8,126,308
https://www.youtube.com/watch?v=TX039MJfdSo,22,182
https://www.youtube.com/watch?v=NJLD9hw6inw,75,224
https://www.youtube.com/watch?v=MVBF9eWYf6c,0,147
https://www.youtube.com/watch?v=FcgvDTfc0Jw,1033,1206
https://www.youtube.com/watch?v=cEz8pMOnQAs,0,110
https://www.youtube.com/watch?v=MzRBCwuzgqw,19,177
https://www.youtube.com/watch?v=ijdWbMb54FY,569,713
https://www.youtube.com/watch?v=xkQV8YC8X0c,209,373
https://www.youtube.com/watch?v=SO46fkwp8vw,421,591
https://www.youtube.com/watch?v=puK-kHBxGE0,1733,1874
https://www.youtube.com/watch?v=XCu8CgOFai4,218,370
https://www.youtube.com/watch?v=3xHBXdpn_0E,0,152
https://www.youtube.com/watch?v=F3Fercrua6I,454,629
https://www.youtube.com/watch?v=Ja2w5ROoAZg,0,145
https://www.youtube.com/watch?v=TjxYJldh0Zc,56,216
https://www.youtube.com/watch?v=Bjr-Wi0r2QI,93,222
https://www.youtube.com/watch?v=038vBOK5IFQ,0,170
https://www.youtube.com/watch?v=RneFWWySRwQ,77,217
https://www.youtube.com/watch?v=A2ybvTLWeic,107,224
https://www.youtube.com/watch?v=BbF1xinf_-w,0,214
https://www.youtube.com/watch?v=xDTxj4Y0xRs,299,466
https://www.youtube.com/watch?v=9fG17EfKVFo,149,346
https://www.youtube.com/watch?v=0Gb1wzUGY20,552,676
https://www.youtube.com/watch?v=gIwH4IoYHno,1607,1774
https://www.youtube.com/watch?v=GjWUYkzB8lg,482,633
https://www.youtube.com/watch?v=n0-9Bb-PDVQ,345,513
https://www.youtube.com/watch?v=2nNvNEjPbEg,216,386
https://www.youtube.com/watch?v=r2AHpywqEoA,6,140
https://www.youtube.com/watch?v=ExLVbS1uFGw,1125,1269
https://www.youtube.com/watch?v=aZ2v0Iz9i6g,0,168
https://www.youtube.com/watch?v=7y3JG2sw780,352,488
https://www.youtube.com/watch?v=_0mLpqC6KFU,175,307
https://www.youtube.com/watch?v=hGuWxJ-1JnE,10,165
https://www.youtube.com/watch?v=XV5_13mJzxA,68,217
https://www.youtube.com/watch?v=YKwZR0eXknQ,89,236
https://www.youtube.com/watch?v=vLOCtXlZIZc,612,739
https://www.youtube.com/watch?v=rWnSa0sRwZE,2038,2218
https://www.youtube.com/watch?v=7Wj_ukVp7_M,1288,1483
https://www.youtube.com/watch?v=n59RS8zQPmU,330,507
